{"cameraMode":{"drawMode":0,"name":"Shaded","section":"Shading Mode"},"sceneLighting":true,"audioPlay":false,"sceneViewState":{"showFog":false,"showMaterialUpdate":false,"showSkybox":false,"showFlares":false,"showImageEffects":false,"showParticleSystems":false},"in2DMode":false,"pivot":{"x":-0.8739795684814453,"y":0.6366744041442871,"z":1.9000890254974366},"rotation":{"x":-0.15622901916503907,"y":0.8099876046180725,"z":-0.24952052533626557,"w":-0.5072847008705139},"size":4.311487674713135,"orthographic":false}